6057210863868,JPC11
6057210863869,JPC11
6057210863870,JPC11
6057210863871,JPC11
6057210863872,JPC11
6057210863873,JPC11
6057210863874,JPC11
6057210863875,JPC11
6057210863876,JPC11
6057210863877,JPC11
6057210863878,JPC11
6057210863879,JPC11
6057210863880,JPC11
6057210863881,JPC11
6057210863882,JPC11
6057210863883,JPC11
6057210863884,JPC11
6057210863885,JPC11
6057210863886,JPC11
6057210863887,JPC11
6057210863888,JPC11
6057210863889,JPC11
6057210863890,JPC11
6057210863891,JPC11
6057210863892,JPC11
6057210863893,JPC11
6057210863894,JPC11
6057210863895,JPC11
6057210863896,JPC11
6057210863897,JPC11
6057210863898,JPC11
6057210863899,JPC11
6057210863900,JPC11
6057210863901,JPC11
6057210863902,JPC11
6057210863903,JPC11
6057210863904,JPC11
6057210863905,JPC11
6057210863906,JPC11
6057210863907,JPC11
6057210863908,JPC11
6057210863909,JPC11
6057210863910,JPC11
6057210863911,JPC11
6057210863912,JPC11
